dataset_name,model_version,mode,size,precision,recall,f1,accuracy,tp,fp,tn,fn,positive_only,latency_ms_avg,model_status,dataset_status,note
deepset/prompt-injections,internal-only,Rule Only,199,1.0,0.08860759493670886,0.1627906976744186,0.6381909547738693,7,0,120,72,False,0.58,disabled,loaded,Loaded from held-out eval split: datasets\external_splits\eval_external_prompt_injection.jsonl
deepset/prompt-injections,internal-only,Lightweight Model Only,199,0.0,0.0,0.0,0.6030150753768844,0,0,120,79,False,1.21,enabled,loaded,Loaded from held-out eval split: datasets\external_splits\eval_external_prompt_injection.jsonl
deepset/prompt-injections,internal-only,Hybrid / Full Pipeline,199,1.0,0.08860759493670886,0.1627906976744186,0.6381909547738693,7,0,120,72,False,2.143,enabled,loaded,Loaded from held-out eval split: datasets\external_splits\eval_external_prompt_injection.jsonl
protectai/prompt-injection-validation,internal-only,Rule Only,969,0.8448275862068966,0.23444976076555024,0.36704119850187267,0.651186790505676,98,18,533,320,False,1.29,disabled,loaded,Loaded from held-out eval split: datasets\external_splits\eval_external_prompt_injection.jsonl
protectai/prompt-injection-validation,internal-only,Lightweight Model Only,969,1.0,0.019138755980861243,0.037558685446009384,0.5768833849329206,8,0,551,410,False,1.53,enabled,loaded,Loaded from held-out eval split: datasets\external_splits\eval_external_prompt_injection.jsonl
protectai/prompt-injection-validation,internal-only,Hybrid / Full Pipeline,969,0.8448275862068966,0.23444976076555024,0.36704119850187267,0.651186790505676,98,18,533,320,False,3.566,enabled,loaded,Loaded from held-out eval split: datasets\external_splits\eval_external_prompt_injection.jsonl
Lakera/gandalf_ignore_instructions,internal-only,Rule Only,300,,0.43,,0.43,129,,,171,True,0.462,disabled,loaded,Loaded from held-out eval split: datasets\external_splits\eval_external_prompt_injection.jsonl
Lakera/gandalf_ignore_instructions,internal-only,Lightweight Model Only,300,,0.10333333333333333,,0.10333333333333333,31,,,269,True,0.925,enabled,loaded,Loaded from held-out eval split: datasets\external_splits\eval_external_prompt_injection.jsonl
Lakera/gandalf_ignore_instructions,internal-only,Hybrid / Full Pipeline,300,,0.46,,0.46,138,,,162,True,1.734,enabled,loaded,Loaded from held-out eval split: datasets\external_splits\eval_external_prompt_injection.jsonl
